,data_id,phafile,backgrnd,rmffile,arffile,modelxcm,binminsig,binmaxbin,fitemin,fitemax,plotxmin,plotxmax,plotymin,plotymax,ploty2min,ploty2max,grp_pha,OBSID,DATEOBS,DATEEND,EXPOSURE,MJD_DATEOBS,MJD_DATEEND,OBJECT,TELESCOP,INSTRUME,MJDOBS,TSTART,TSTOP,fxcm_fit,title,chisquare,reduced_chisquare,dof,probability,rate_0p2to2p0keV,rate_0p2to2p0keV_err,flux_0p2to2p0keV,flux_0p2to2p0keV_err_min,flux_0p2to2p0keV_err_max,par_2,par_2_err_min,par_2_err_max,par_3,par_3_err_min,par_3_err_max
0,1020130105,nispec/psrb0656p14/pha/1020130105/ni1020130105_o1u20cut_clscr_gtisel.pha,nispec/psrb0656p14/pha/1020130105/ni1020130105_o1u20cut_BGMod_3C50.pha,/Users/enoto/work/niresp/nicer_v1.02.rmf,/Users/enoto/work/niresp/ni_xrcall_onaxis_v1.02_wo_detid14_34.arf,nispec/psrb0656p14/input/run_nixspec_multi_observations_bb.xcm,5,50,0.2,2.0,0.2,2.0,0.01,100,-10.0,10.0,nispec/psrb0656p14/fit/1020130105/ni1020130105_o1u20cut_clscr_gtisel_s5n50.pha,1020130105,2017-10-16T23:58:09,2017-10-17T23:42:39,1276.0,58042.998715277776,58043.98795138889,PSR_B0656+14,NICER,XTI,58043.00311555556,119664202.0,119719728.0,nispec/psrb0656p14/fit/1020130105/ni1020130105_o1u20cut_clscr_gtisel_s5n50_fit.xcm,PSR_B0656+14 NICER/XTI 1020130105 2017-10-16T23:58:09 (1276.0 s),230.24,3.6545,63,6.826772e-21,9.371,0.09258,1.117e-11,1.4000000000000062e-13,1.200000000000003e-13,0.0857743,,,25502.4,,
1,1020130106,nispec/psrb0656p14/pha/1020130106/ni1020130106_o1u20cut_clscr_gtisel.pha,nispec/psrb0656p14/pha/1020130106/ni1020130106_o1u20cut_BGMod_3C50.pha,/Users/enoto/work/niresp/nicer_v1.02.rmf,/Users/enoto/work/niresp/ni_xrcall_onaxis_v1.02_wo_detid14_34.arf,nispec/psrb0656p14/input/run_nixspec_multi_observations_bb.xcm,5,50,0.2,2.0,0.2,2.0,0.01,100,-10.0,10.0,nispec/psrb0656p14/fit/1020130106/ni1020130106_o1u20cut_clscr_gtisel_s5n50.pha,1020130106,2017-10-18T00:40:09,2017-10-18T22:51:59,1789.0,58044.02788194444,58044.95276620371,PSR_B0656+14,NICER,XTI,58044.03062712963,119752979.0,119831947.0,nispec/psrb0656p14/fit/1020130106/ni1020130106_o1u20cut_clscr_gtisel_s5n50_fit.xcm,PSR_B0656+14 NICER/XTI 1020130106 2017-10-18T00:40:09 (1789.0 s),273.35,3.7965,72,3.199775e-25,9.781,0.07854,1.1505e-11,9.50000000000007e-14,8.500000000000055e-14,0.0858759,,,26122.7,,
2,1020130107,nispec/psrb0656p14/pha/1020130107/ni1020130107_o1u20cut_clscr_gtisel.pha,nispec/psrb0656p14/pha/1020130107/ni1020130107_o1u20cut_BGMod_3C50.pha,/Users/enoto/work/niresp/nicer_v1.02.rmf,/Users/enoto/work/niresp/ni_xrcall_onaxis_v1.02_wo_detid14_34.arf,nispec/psrb0656p14/input/run_nixspec_multi_observations_bb.xcm,5,50,0.2,2.0,0.2,2.0,0.01,100,-10.0,10.0,nispec/psrb0656p14/fit/1020130107/ni1020130107_o1u20cut_clscr_gtisel_s5n50.pha,1020130107,2017-10-19T01:40:32,2017-10-19T23:34:58,7651.0,58045.069814814815,58045.982615740744,PSR_B0656+14,NICER,XTI,58045.07102064815,119842869.0,119921124.0,nispec/psrb0656p14/fit/1020130107/ni1020130107_o1u20cut_clscr_gtisel_s5n50_fit.xcm,PSR_B0656+14 NICER/XTI 1020130107 2017-10-19T01:40:32 (7651.0 s),915.71,9.8464,93,2.269737e-135,9.847,0.0385,1.1456e-11,4.600000000000041e-14,4.4000000000001024e-14,0.0871361,,,24311.8,,
3,1020130108,nispec/psrb0656p14/pha/1020130108/ni1020130108_o1u20cut_clscr_gtisel.pha,nispec/psrb0656p14/pha/1020130108/ni1020130108_o1u20cut_BGMod_3C50.pha,/Users/enoto/work/niresp/nicer_v1.02.rmf,/Users/enoto/work/niresp/ni_xrcall_onaxis_v1.02_wo_detid14_34.arf,nispec/psrb0656p14/input/run_nixspec_multi_observations_bb.xcm,5,50,0.2,2.0,0.2,2.0,0.01,100,-10.0,10.0,nispec/psrb0656p14/fit/1020130108/ni1020130108_o1u20cut_clscr_gtisel_s5n50.pha,1020130108,2017-10-20T00:32:00,2017-10-20T18:07:17,6010.0,58046.02222222222,58046.755057870374,PSR_B0656+14,NICER,XTI,58046.02482851852,119925278.0,119988324.0,nispec/psrb0656p14/fit/1020130108/ni1020130108_o1u20cut_clscr_gtisel_s5n50_fit.xcm,PSR_B0656+14 NICER/XTI 1020130108 2017-10-20T00:32:00 (6010.0 s),677.93,7.5325,90,5.648637e-91,9.891,0.04355,1.1508e-11,5.799999999999995e-14,5.200000000000018e-14,0.0871934,,,24348.6,,
4,1020130109,nispec/psrb0656p14/pha/1020130109/ni1020130109_o1u20cut_clscr_gtisel.pha,nispec/psrb0656p14/pha/1020130109/ni1020130109_o1u20cut_BGMod_3C50.pha,/Users/enoto/work/niresp/nicer_v1.02.rmf,/Users/enoto/work/niresp/ni_xrcall_onaxis_v1.02_wo_detid14_34.arf,nispec/psrb0656p14/input/run_nixspec_multi_observations_bb.xcm,5,50,0.2,2.0,0.2,2.0,0.01,100,-10.0,10.0,nispec/psrb0656p14/fit/1020130109/ni1020130109_o1u20cut_clscr_gtisel_s5n50.pha,1020130109,2017-10-23T20:13:26,2017-10-23T23:23:00,1800.0,58049.84266203704,58049.97430555556,PSR_B0656+14,NICER,XTI,58049.94949287037,120264369.0,120266169.0,nispec/psrb0656p14/fit/1020130109/ni1020130109_o1u20cut_clscr_gtisel_s5n50_fit.xcm,PSR_B0656+14 NICER/XTI 1020130109 2017-10-23T20:13:26 (1800.0 s),308.09,4.0538,76,1.051914e-29,9.925,0.07694,1.1452e-11,9.19999999999992e-14,9.800000000000059e-14,0.0864117,,,25263.0,,
5,1020130110,nispec/psrb0656p14/pha/1020130110/ni1020130110_o1u20cut_clscr_gtisel.pha,nispec/psrb0656p14/pha/1020130110/ni1020130110_o1u20cut_BGMod_3C50.pha,/Users/enoto/work/niresp/nicer_v1.02.rmf,/Users/enoto/work/niresp/ni_xrcall_onaxis_v1.02_wo_detid14_34.arf,nispec/psrb0656p14/input/run_nixspec_multi_observations_bb.xcm,5,50,0.2,2.0,0.2,2.0,0.01,100,-10.0,10.0,nispec/psrb0656p14/fit/1020130110/ni1020130110_o1u20cut_clscr_gtisel_s5n50.pha,1020130110,2017-10-24T00:13:40,2017-10-24T21:00:00,14330.0,58050.00949074074,58050.875,PSR_B0656+14,NICER,XTI,58050.01289564815,120269847.0,120344093.0,nispec/psrb0656p14/fit/1020130110/ni1020130110_o1u20cut_clscr_gtisel_s5n50_fit.xcm,PSR_B0656+14 NICER/XTI 1020130110 2017-10-24T00:13:40 (14330.0 s),1894.6,17.5426,108,5e-324,10.07,0.02758,1.1592e-11,3.1999999999999864e-14,3.7999999999999636e-14,0.0874995,,,24132.0,,
6,1020130111,nispec/psrb0656p14/pha/1020130111/ni1020130111_o1u20cut_clscr_gtisel.pha,nispec/psrb0656p14/pha/1020130111/ni1020130111_o1u20cut_BGMod_3C50.pha,/Users/enoto/work/niresp/nicer_v1.02.rmf,/Users/enoto/work/niresp/ni_xrcall_onaxis_v1.02_wo_detid14_34.arf,nispec/psrb0656p14/input/run_nixspec_multi_observations_bb.xcm,5,50,0.2,2.0,0.2,2.0,0.01,100,-10.0,10.0,nispec/psrb0656p14/fit/1020130111/ni1020130111_o1u20cut_clscr_gtisel_s5n50.pha,1020130111,2017-10-24T23:42:53,2017-10-25T19:46:20,6479.0,58050.98811342593,58051.823842592596,PSR_B0656+14,NICER,XTI,58050.99207388889,120354448.0,120426380.0,nispec/psrb0656p14/fit/1020130111/ni1020130111_o1u20cut_clscr_gtisel_s5n50_fit.xcm,PSR_B0656+14 NICER/XTI 1020130111 2017-10-24T23:42:53 (6479.0 s),949.66,10.916,87,4.114115e-145,9.654,0.0411,1.1384e-11,5.4000000000001184e-14,5.5999999999998954e-14,0.0869012,,,24461.9,,
7,1020130112,nispec/psrb0656p14/pha/1020130112/ni1020130112_o1u20cut_clscr_gtisel.pha,nispec/psrb0656p14/pha/1020130112/ni1020130112_o1u20cut_BGMod_3C50.pha,/Users/enoto/work/niresp/nicer_v1.02.rmf,/Users/enoto/work/niresp/ni_xrcall_onaxis_v1.02_wo_detid14_34.arf,nispec/psrb0656p14/input/run_nixspec_multi_observations_bb.xcm,5,50,0.2,2.0,0.2,2.0,0.01,100,-10.0,10.0,nispec/psrb0656p14/fit/1020130112/ni1020130112_o1u20cut_clscr_gtisel_s5n50.pha,1020130112,2017-11-02T05:36:40,2017-11-02T13:22:30,60.0,58059.2337962963,58059.557291666664,PSR_B0656+14,NICER,XTI,58059.55737481482,121094490.0,121094550.0,nispec/psrb0656p14/fit/1020130112/ni1020130112_o1u20cut_clscr_gtisel_s5n50_fit.xcm,PSR_B0656+14 NICER/XTI 1020130112 2017-11-02T05:36:40 (60.0 s),45.95,2.553,18,0.0003015972,10.42,0.4246,1.1278e-11,6.379999999999995e-13,3.520000000000001e-13,0.0873686,,,23641.1,,
8,1020130113,nispec/psrb0656p14/pha/1020130113/ni1020130113_o1u20cut_clscr_gtisel.pha,nispec/psrb0656p14/pha/1020130113/ni1020130113_o1u20cut_BGMod_3C50.pha,/Users/enoto/work/niresp/nicer_v1.02.rmf,/Users/enoto/work/niresp/ni_xrcall_onaxis_v1.02_wo_detid14_34.arf,nispec/psrb0656p14/input/run_nixspec_multi_observations_bb.xcm,5,50,0.2,2.0,0.2,2.0,0.01,100,-10.0,10.0,nispec/psrb0656p14/fit/1020130113/ni1020130113_o1u20cut_clscr_gtisel_s5n50.pha,1020130113,2017-11-04T00:49:20,2017-11-04T08:39:14,737.0,58061.03425925926,58061.3605787037,PSR_B0656+14,NICER,XTI,58061.10093962963,121227854.0,121250276.0,nispec/psrb0656p14/fit/1020130113/ni1020130113_o1u20cut_clscr_gtisel_s5n50_fit.xcm,PSR_B0656+14 NICER/XTI 1020130113 2017-11-04T00:49:20 (737.0 s),127.47,2.1244,60,9.020815e-07,9.678,0.12,1.1232e-11,1.6200000000000032e-13,1.179999999999993e-13,0.0865344,,,24614.1,,
9,1020130114,nispec/psrb0656p14/pha/1020130114/ni1020130114_o1u20cut_clscr_gtisel.pha,nispec/psrb0656p14/pha/1020130114/ni1020130114_o1u20cut_BGMod_3C50.pha,/Users/enoto/work/niresp/nicer_v1.02.rmf,/Users/enoto/work/niresp/ni_xrcall_onaxis_v1.02_wo_detid14_34.arf,nispec/psrb0656p14/input/run_nixspec_multi_observations_bb.xcm,5,50,0.2,2.0,0.2,2.0,0.01,100,-10.0,10.0,nispec/psrb0656p14/fit/1020130114/ni1020130114_o1u20cut_clscr_gtisel_s5n50.pha,1020130114,2017-11-05T04:35:39,2017-11-05T23:15:12,1605.0,58062.19142361111,58062.96888888889,PSR_B0656+14,NICER,XTI,58062.19590490741,121322459.0,121361399.0,nispec/psrb0656p14/fit/1020130114/ni1020130114_o1u20cut_clscr_gtisel_s5n50_fit.xcm,PSR_B0656+14 NICER/XTI 1020130114 2017-11-05T04:35:39 (1605.0 s),273.3,3.644,75,2.418225e-24,10.03,0.08197,1.1464e-11,9.40000000000002e-14,9.599999999999959e-14,0.0880578,,,23173.8,,
10,1020130115,nispec/psrb0656p14/pha/1020130115/ni1020130115_o1u20cut_clscr_gtisel.pha,nispec/psrb0656p14/pha/1020130115/ni1020130115_o1u20cut_BGMod_3C50.pha,/Users/enoto/work/niresp/nicer_v1.02.rmf,/Users/enoto/work/niresp/ni_xrcall_onaxis_v1.02_wo_detid14_34.arf,nispec/psrb0656p14/input/run_nixspec_multi_observations_bb.xcm,5,50,0.2,2.0,0.2,2.0,0.01,100,-10.0,10.0,nispec/psrb0656p14/fit/1020130115/ni1020130115_o1u20cut_clscr_gtisel_s5n50.pha,1020130115,2017-11-06T00:35:43,2017-11-06T20:52:53,2620.0,58063.02480324074,58063.87005787037,PSR_B0656+14,NICER,XTI,58063.02622898148,121394199.0,121461487.0,nispec/psrb0656p14/fit/1020130115/ni1020130115_o1u20cut_clscr_gtisel_s5n50_fit.xcm,PSR_B0656+14 NICER/XTI 1020130115 2017-11-06T00:35:43 (2620.0 s),440.82,5.0668,87,9.874251e-49,10.22,0.06458,1.1632e-11,8.200000000000066e-14,7.800000000000027e-14,0.0887385,,,22692.0,,
11,1020130116,nispec/psrb0656p14/pha/1020130116/ni1020130116_o1u20cut_clscr_gtisel.pha,nispec/psrb0656p14/pha/1020130116/ni1020130116_o1u20cut_BGMod_3C50.pha,/Users/enoto/work/niresp/nicer_v1.02.rmf,/Users/enoto/work/niresp/ni_xrcall_onaxis_v1.02_wo_detid14_34.arf,nispec/psrb0656p14/input/run_nixspec_multi_observations_bb.xcm,5,50,0.2,2.0,0.2,2.0,0.01,100,-10.0,10.0,nispec/psrb0656p14/fit/1020130116/ni1020130116_o1u20cut_clscr_gtisel_s5n50.pha,1020130116,2017-12-01T02:56:11,2017-12-01T17:05:05,1442.0,58088.122349537036,58088.711863425924,PSR_B0656+14,NICER,XTI,58088.12397203704,123562644.0,123613478.0,nispec/psrb0656p14/fit/1020130116/ni1020130116_o1u20cut_clscr_gtisel_s5n50_fit.xcm,PSR_B0656+14 NICER/XTI 1020130116 2017-12-01T02:56:11 (1442.0 s),331.37,4.478,74,2.971891e-34,9.975,0.08618,1.142e-11,9.999999999999998e-14,1.1000000000000014e-13,0.0868901,,,24554.5,,
12,1020130117,nispec/psrb0656p14/pha/1020130117/ni1020130117_o1u20cut_clscr_gtisel.pha,nispec/psrb0656p14/pha/1020130117/ni1020130117_o1u20cut_BGMod_3C50.pha,/Users/enoto/work/niresp/nicer_v1.02.rmf,/Users/enoto/work/niresp/ni_xrcall_onaxis_v1.02_wo_detid14_34.arf,nispec/psrb0656p14/input/run_nixspec_multi_observations_bb.xcm,5,50,0.2,2.0,0.2,2.0,0.01,100,-10.0,10.0,nispec/psrb0656p14/fit/1020130117/ni1020130117_o1u20cut_clscr_gtisel_s5n50.pha,1020130117,2017-12-02T12:45:00,2017-12-02T23:58:34,5031.0,58089.53125,58089.99900462963,PSR_B0656+14,NICER,XTI,58089.53362481482,123684438.0,123724651.0,nispec/psrb0656p14/fit/1020130117/ni1020130117_o1u20cut_clscr_gtisel_s5n50_fit.xcm,PSR_B0656+14 NICER/XTI 1020130117 2017-12-02T12:45:00 (5031.0 s),820.98,8.9237,92,1.984744e-117,9.915,0.04588,1.1391e-11,5.099999999999968e-14,4.9000000000000296e-14,0.087602,,,23584.2,,
13,1020130118,nispec/psrb0656p14/pha/1020130118/ni1020130118_o1u20cut_clscr_gtisel.pha,nispec/psrb0656p14/pha/1020130118/ni1020130118_o1u20cut_BGMod_3C50.pha,/Users/enoto/work/niresp/nicer_v1.02.rmf,/Users/enoto/work/niresp/ni_xrcall_onaxis_v1.02_wo_detid14_34.arf,nispec/psrb0656p14/input/run_nixspec_multi_observations_bb.xcm,5,50,0.2,2.0,0.2,2.0,0.01,100,-10.0,10.0,nispec/psrb0656p14/fit/1020130118/ni1020130118_o1u20cut_clscr_gtisel_s5n50.pha,1020130118,2017-12-03T04:09:20,2017-12-03T23:07:01,14612.0,58090.17314814815,58090.96320601852,PSR_B0656+14,NICER,XTI,58090.17641416666,123739975.0,123808021.0,nispec/psrb0656p14/fit/1020130118/ni1020130118_o1u20cut_clscr_gtisel_s5n50_fit.xcm,PSR_B0656+14 NICER/XTI 1020130118 2017-12-03T04:09:20 (14612.0 s),2331.78,21.007,111,0.0,9.959,0.02686,1.1395e-11,3.499999999999975e-14,2.499999999999959e-14,0.0879027,,,23224.1,,
14,1020130119,nispec/psrb0656p14/pha/1020130119/ni1020130119_o1u20cut_clscr_gtisel.pha,nispec/psrb0656p14/pha/1020130119/ni1020130119_o1u20cut_BGMod_3C50.pha,/Users/enoto/work/niresp/nicer_v1.02.rmf,/Users/enoto/work/niresp/ni_xrcall_onaxis_v1.02_wo_detid14_34.arf,nispec/psrb0656p14/input/run_nixspec_multi_observations_bb.xcm,5,50,0.2,2.0,0.2,2.0,0.01,100,-10.0,10.0,nispec/psrb0656p14/fit/1020130119/ni1020130119_o1u20cut_clscr_gtisel_s5n50.pha,1020130119,2017-12-04T00:14:00,2017-12-04T08:15:56,3380.59999999404,58091.009722222225,58091.34439814815,PSR_B0656+14,NICER,XTI,58091.01306925926,123812262.0,123840819.0,nispec/psrb0656p14/fit/1020130119/ni1020130119_o1u20cut_clscr_gtisel_s5n50_fit.xcm,PSR_B0656+14 NICER/XTI 1020130119 2017-12-04T00:14:00 (3380.6 s),776.5,8.6278,90,8.56383e-110,10.12,0.05629,1.1469e-11,7.899999999999916e-14,7.1e-14,0.0880519,,,23191.6,,
15,1020130120,nispec/psrb0656p14/pha/1020130120/ni1020130120_o1u20cut_clscr_gtisel.pha,nispec/psrb0656p14/pha/1020130120/ni1020130120_o1u20cut_BGMod_3C50.pha,/Users/enoto/work/niresp/nicer_v1.02.rmf,/Users/enoto/work/niresp/ni_xrcall_onaxis_v1.02_wo_detid14_34.arf,nispec/psrb0656p14/input/run_nixspec_multi_observations_bb.xcm,5,50,0.2,2.0,0.2,2.0,0.01,100,-10.0,10.0,nispec/psrb0656p14/fit/1020130120/ni1020130120_o1u20cut_clscr_gtisel_s5n50.pha,1020130120,2017-12-06T18:46:31,2017-12-06T20:34:52,1919.0,58093.78230324074,58093.8575462963,PSR_B0656+14,NICER,XTI,58093.78406462963,124051676.0,124058006.0,nispec/psrb0656p14/fit/1020130120/ni1020130120_o1u20cut_clscr_gtisel_s5n50_fit.xcm,PSR_B0656+14 NICER/XTI 1020130120 2017-12-06T18:46:31 (1919.0 s),451.82,6.5481,69,1.295718e-57,9.206,0.07454,1.0816e-11,8.600000000000105e-14,8.399999999999843e-14,0.0876249,,,22368.1,,
16,1020130121,nispec/psrb0656p14/pha/1020130121/ni1020130121_o1u20cut_clscr_gtisel.pha,nispec/psrb0656p14/pha/1020130121/ni1020130121_o1u20cut_BGMod_3C50.pha,/Users/enoto/work/niresp/nicer_v1.02.rmf,/Users/enoto/work/niresp/ni_xrcall_onaxis_v1.02_wo_detid14_34.arf,nispec/psrb0656p14/input/run_nixspec_multi_observations_bb.xcm,5,50,0.2,2.0,0.2,2.0,0.01,100,-10.0,10.0,nispec/psrb0656p14/fit/1020130121/ni1020130121_o1u20cut_clscr_gtisel_s5n50.pha,1020130121,2017-12-23T03:01:20,2017-12-23T17:20:57,1080.0,58110.125925925924,58110.72288194444,PSR_B0656+14,NICER,XTI,58110.12817342592,125463807.0,125515134.0,nispec/psrb0656p14/fit/1020130121/ni1020130121_o1u20cut_clscr_gtisel_s5n50_fit.xcm,PSR_B0656+14 NICER/XTI 1020130121 2017-12-23T03:01:20 (1080.0 s),200.54,2.9492,68,5.282822e-15,9.785,0.09995,1.1316e-11,1.2600000000000007e-13,1.139999999999989e-13,0.086949,,,24254.3,,
17,1020130122,nispec/psrb0656p14/pha/1020130122/ni1020130122_o1u20cut_clscr_gtisel.pha,nispec/psrb0656p14/pha/1020130122/ni1020130122_o1u20cut_BGMod_3C50.pha,/Users/enoto/work/niresp/nicer_v1.02.rmf,/Users/enoto/work/niresp/ni_xrcall_onaxis_v1.02_wo_detid14_34.arf,nispec/psrb0656p14/input/run_nixspec_multi_observations_bb.xcm,5,50,0.2,2.0,0.2,2.0,0.01,100,-10.0,10.0,nispec/psrb0656p14/fit/1020130122/ni1020130122_o1u20cut_clscr_gtisel_s5n50.pha,1020130122,2017-12-24T03:54:40,2017-12-24T17:44:33,1765.0,58111.16296296296,58111.739270833335,PSR_B0656+14,NICER,XTI,58111.16982851852,125553806.0,125593214.0,nispec/psrb0656p14/fit/1020130122/ni1020130122_o1u20cut_clscr_gtisel_s5n50_fit.xcm,PSR_B0656+14 NICER/XTI 1020130122 2017-12-24T03:54:40 (1765.0 s),339.58,4.5889,74,1.176672e-35,9.744,0.07777,1.1226e-11,7.599999999999927e-14,9.40000000000002e-14,0.0872933,,,23625.2,,
18,1020130123,nispec/psrb0656p14/pha/1020130123/ni1020130123_o1u20cut_clscr_gtisel.pha,nispec/psrb0656p14/pha/1020130123/ni1020130123_o1u20cut_BGMod_3C50.pha,/Users/enoto/work/niresp/nicer_v1.02.rmf,/Users/enoto/work/niresp/ni_xrcall_onaxis_v1.02_wo_detid14_34.arf,nispec/psrb0656p14/input/run_nixspec_multi_observations_bb.xcm,5,50,0.2,2.0,0.2,2.0,0.01,100,-10.0,10.0,nispec/psrb0656p14/fit/1020130123/ni1020130123_o1u20cut_clscr_gtisel_s5n50.pha,1020130123,2017-12-25T01:23:00,2017-12-25T23:13:10,410.0,58112.05763888889,58112.96747685185,PSR_B0656+14,NICER,XTI,58112.20431925926,125643186.0,125709178.0,nispec/psrb0656p14/fit/1020130123/ni1020130123_o1u20cut_clscr_gtisel_s5n50_fit.xcm,PSR_B0656+14 NICER/XTI 1020130123 2017-12-25T01:23:00 (410.0 s),100.84,1.9773,51,3.999502e-05,9.752,0.1614,1.1148e-11,2.180000000000009e-13,1.9199999999999918e-13,0.0884493,-0.00095309,0.000966344,22078.0,-1247.09,1322.27
19,1020130124,nispec/psrb0656p14/pha/1020130124/ni1020130124_o1u20cut_clscr_gtisel.pha,nispec/psrb0656p14/pha/1020130124/ni1020130124_o1u20cut_BGMod_3C50.pha,/Users/enoto/work/niresp/nicer_v1.02.rmf,/Users/enoto/work/niresp/ni_xrcall_onaxis_v1.02_wo_detid14_34.arf,nispec/psrb0656p14/input/run_nixspec_multi_observations_bb.xcm,5,50,0.2,2.0,0.2,2.0,0.01,100,-10.0,10.0,nispec/psrb0656p14/fit/1020130124/ni1020130124_o1u20cut_clscr_gtisel_s5n50.pha,1020130124,2017-12-26T08:25:00,2017-12-26T22:38:28,2216.792696982622,58113.350694444445,58113.94337962963,PSR_B0656+14,NICER,XTI,58113.35279148148,125742414.0,125793508.0,nispec/psrb0656p14/fit/1020130124/ni1020130124_o1u20cut_clscr_gtisel_s5n50_fit.xcm,PSR_B0656+14 NICER/XTI 1020130124 2017-12-26T08:25:00 (2216.8 s),486.01,6.0001,81,4.616782e-59,9.855,0.06959,1.1264e-11,8.400000000000005e-14,8.599999999999943e-14,0.0879773,,,22865.3,,
20,1020130125,nispec/psrb0656p14/pha/1020130125/ni1020130125_o1u20cut_clscr_gtisel.pha,nispec/psrb0656p14/pha/1020130125/ni1020130125_o1u20cut_BGMod_3C50.pha,/Users/enoto/work/niresp/nicer_v1.02.rmf,/Users/enoto/work/niresp/ni_xrcall_onaxis_v1.02_wo_detid14_34.arf,nispec/psrb0656p14/input/run_nixspec_multi_observations_bb.xcm,5,50,0.2,2.0,0.2,2.0,0.01,100,-10.0,10.0,nispec/psrb0656p14/fit/1020130125/ni1020130125_o1u20cut_clscr_gtisel_s5n50.pha,1020130125,2017-12-27T00:06:40,2017-12-27T18:43:06,2138.0,58114.00462962963,58114.77993055555,PSR_B0656+14,NICER,XTI,58114.00746740741,125798978.0,125865784.0,nispec/psrb0656p14/fit/1020130125/ni1020130125_o1u20cut_clscr_gtisel_s5n50_fit.xcm,PSR_B0656+14 NICER/XTI 1020130125 2017-12-27T00:06:40 (2138.0 s),295.83,3.8924,76,1.090331e-27,9.892,0.07063,1.1478e-11,9.799999999999898e-14,8.200000000000066e-14,0.0871709,,,24314.8,,
21,1020130126,nispec/psrb0656p14/pha/1020130126/ni1020130126_o1u20cut_clscr_gtisel.pha,nispec/psrb0656p14/pha/1020130126/ni1020130126_o1u20cut_BGMod_3C50.pha,/Users/enoto/work/niresp/nicer_v1.02.rmf,/Users/enoto/work/niresp/ni_xrcall_onaxis_v1.02_wo_detid14_34.arf,nispec/psrb0656p14/input/run_nixspec_multi_observations_bb.xcm,5,50,0.2,2.0,0.2,2.0,0.01,100,-10.0,10.0,nispec/psrb0656p14/fit/1020130126/ni1020130126_o1u20cut_clscr_gtisel_s5n50.pha,1020130126,2017-12-28T13:02:20,2017-12-28T13:17:24,788.0,58115.543287037035,58115.55375,PSR_B0656+14,NICER,XTI,58115.54523361111,125931841.0,125932629.0,nispec/psrb0656p14/fit/1020130126/ni1020130126_o1u20cut_clscr_gtisel_s5n50_fit.xcm,PSR_B0656+14 NICER/XTI 1020130126 2017-12-28T13:02:20 (788.0 s),193.84,3.3421,58,1.544287e-16,9.251,0.1143,1.0834e-11,1.639999999999997e-13,1.460000000000004e-13,0.0867873,,,23422.8,,
22,1020130127,nispec/psrb0656p14/pha/1020130127/ni1020130127_o1u20cut_clscr_gtisel.pha,nispec/psrb0656p14/pha/1020130127/ni1020130127_o1u20cut_BGMod_3C50.pha,/Users/enoto/work/niresp/nicer_v1.02.rmf,/Users/enoto/work/niresp/ni_xrcall_onaxis_v1.02_wo_detid14_34.arf,nispec/psrb0656p14/input/run_nixspec_multi_observations_bb.xcm,5,50,0.2,2.0,0.2,2.0,0.01,100,-10.0,10.0,nispec/psrb0656p14/fit/1020130127/ni1020130127_o1u20cut_clscr_gtisel_s5n50.pha,1020130127,2017-12-29T02:36:20,2017-12-29T20:10:13,2218.0,58116.108564814815,58116.84042824074,PSR_B0656+14,NICER,XTI,58116.11080074074,125980706.0,126043813.0,nispec/psrb0656p14/fit/1020130127/ni1020130127_o1u20cut_clscr_gtisel_s5n50_fit.xcm,PSR_B0656+14 NICER/XTI 1020130127 2017-12-29T02:36:20 (2218.0 s),362.94,4.6531,78,2.54234e-38,9.632,0.06892,1.1175e-11,8.499999999999893e-14,7.500000000000039e-14,0.087796,,,22901.7,,
23,1020130128,nispec/psrb0656p14/pha/1020130128/ni1020130128_o1u20cut_clscr_gtisel.pha,nispec/psrb0656p14/pha/1020130128/ni1020130128_o1u20cut_BGMod_3C50.pha,/Users/enoto/work/niresp/nicer_v1.02.rmf,/Users/enoto/work/niresp/ni_xrcall_onaxis_v1.02_wo_detid14_34.arf,nispec/psrb0656p14/input/run_nixspec_multi_observations_bb.xcm,5,50,0.2,2.0,0.2,2.0,0.01,100,-10.0,10.0,nispec/psrb0656p14/fit/1020130128/ni1020130128_o1u20cut_clscr_gtisel_s5n50.pha,1020130128,2018-01-22T05:54:33,2018-01-22T16:48:37,1807.0,58140.24621527778,58140.70042824074,PSR_B0656+14,NICER,XTI,58140.24837018518,128066192.0,128105302.0,nispec/psrb0656p14/fit/1020130128/ni1020130128_o1u20cut_clscr_gtisel_s5n50_fit.xcm,PSR_B0656+14 NICER/XTI 1020130128 2018-01-22T05:54:33 (1807.0 s),400.13,5.4812,73,1.253556e-46,9.573,0.07705,1.118e-11,8.999999999999982e-14,8.999999999999982e-14,0.0874143,,,23379.1,,
24,1020130129,nispec/psrb0656p14/pha/1020130129/ni1020130129_o1u20cut_clscr_gtisel.pha,nispec/psrb0656p14/pha/1020130129/ni1020130129_o1u20cut_BGMod_3C50.pha,/Users/enoto/work/niresp/nicer_v1.02.rmf,/Users/enoto/work/niresp/ni_xrcall_onaxis_v1.02_wo_detid14_34.arf,nispec/psrb0656p14/input/run_nixspec_multi_observations_bb.xcm,5,50,0.2,2.0,0.2,2.0,0.01,100,-10.0,10.0,nispec/psrb0656p14/fit/1020130129/ni1020130129_o1u20cut_clscr_gtisel_s5n50.pha,1020130129,2018-01-23T04:51:41,2018-01-23T20:36:06,936.0,58141.20255787037,58141.858402777776,PSR_B0656+14,NICER,XTI,58141.20728222222,128149042.0,128205305.0,nispec/psrb0656p14/fit/1020130129/ni1020130129_o1u20cut_clscr_gtisel_s5n50_fit.xcm,PSR_B0656+14 NICER/XTI 1020130129 2018-01-23T04:51:41 (936.0 s),201.74,3.2023,63,1.964283e-16,9.485,0.1067,1.1099e-11,1.189999999999998e-13,1.2099999999999918e-13,0.0865633,,,24284.4,,
25,1020130130,nispec/psrb0656p14/pha/1020130130/ni1020130130_o1u20cut_clscr_gtisel.pha,nispec/psrb0656p14/pha/1020130130/ni1020130130_o1u20cut_BGMod_3C50.pha,/Users/enoto/work/niresp/nicer_v1.02.rmf,/Users/enoto/work/niresp/ni_xrcall_onaxis_v1.02_wo_detid14_34.arf,nispec/psrb0656p14/input/run_nixspec_multi_observations_bb.xcm,5,50,0.2,2.0,0.2,2.0,0.01,100,-10.0,10.0,nispec/psrb0656p14/fit/1020130130/ni1020130130_o1u20cut_clscr_gtisel_s5n50.pha,1020130130,2018-01-25T21:54:20,2018-01-25T23:35:19,334.0,58143.91273148148,58143.9828587963,PSR_B0656+14,NICER,XTI,58143.9166225,128383129.0,128388919.0,nispec/psrb0656p14/fit/1020130130/ni1020130130_o1u20cut_clscr_gtisel_s5n50_fit.xcm,PSR_B0656+14 NICER/XTI 1020130130 2018-01-25T21:54:20 (334.0 s),80.44,1.609,50,0.004076419,10.07,0.1821,1.1557e-11,2.4700000000000087e-13,2.0299999999999984e-13,0.0875746,-0.00101108,0.0010182,23962.8,-1442.31,1533.9
26,1020130131,nispec/psrb0656p14/pha/1020130131/ni1020130131_o1u20cut_clscr_gtisel.pha,nispec/psrb0656p14/pha/1020130131/ni1020130131_o1u20cut_BGMod_3C50.pha,/Users/enoto/work/niresp/nicer_v1.02.rmf,/Users/enoto/work/niresp/ni_xrcall_onaxis_v1.02_wo_detid14_34.arf,nispec/psrb0656p14/input/run_nixspec_multi_observations_bb.xcm,5,50,0.2,2.0,0.2,2.0,0.01,100,-10.0,10.0,nispec/psrb0656p14/fit/1020130131/ni1020130131_o1u20cut_clscr_gtisel_s5n50.pha,1020130131,2018-01-26T05:35:40,2018-01-26T21:06:57,784.0,58144.23310185185,58144.87982638889,PSR_B0656+14,NICER,XTI,58144.23686555555,128410798.0,128466414.0,nispec/psrb0656p14/fit/1020130131/ni1020130131_o1u20cut_clscr_gtisel_s5n50_fit.xcm,PSR_B0656+14 NICER/XTI 1020130131 2018-01-26T05:35:40 (784.0 s),184.51,3.0751,60,1.360203e-14,9.697,0.1171,1.1347e-11,1.4699999999999927e-13,1.2300000000000018e-13,0.0856069,,,26143.2,,
27,1020130132,nispec/psrb0656p14/pha/1020130132/ni1020130132_o1u20cut_clscr_gtisel.pha,nispec/psrb0656p14/pha/1020130132/ni1020130132_o1u20cut_BGMod_3C50.pha,/Users/enoto/work/niresp/nicer_v1.02.rmf,/Users/enoto/work/niresp/ni_xrcall_onaxis_v1.02_wo_detid14_34.arf,nispec/psrb0656p14/input/run_nixspec_multi_observations_bb.xcm,5,50,0.2,2.0,0.2,2.0,0.01,100,-10.0,10.0,nispec/psrb0656p14/fit/1020130132/ni1020130132_o1u20cut_clscr_gtisel_s5n50.pha,1020130132,2018-01-27T13:59:37,2018-01-27T14:13:06,718.0,58145.58306712963,58145.59243055555,PSR_B0656+14,NICER,XTI,58145.58487481481,128527266.0,128527984.0,nispec/psrb0656p14/fit/1020130132/ni1020130132_o1u20cut_clscr_gtisel_s5n50_fit.xcm,PSR_B0656+14 NICER/XTI 1020130132 2018-01-27T13:59:37 (718.0 s),170.49,3.0444,56,1.706166e-13,9.49,0.1223,1.099e-11,1.6000000000000093e-13,1.2999999999999884e-13,0.0879938,,,22289.5,,
28,1020130133,nispec/psrb0656p14/pha/1020130133/ni1020130133_o1u20cut_clscr_gtisel.pha,nispec/psrb0656p14/pha/1020130133/ni1020130133_o1u20cut_BGMod_3C50.pha,/Users/enoto/work/niresp/nicer_v1.02.rmf,/Users/enoto/work/niresp/ni_xrcall_onaxis_v1.02_wo_detid14_34.arf,nispec/psrb0656p14/input/run_nixspec_multi_observations_bb.xcm,5,50,0.2,2.0,0.2,2.0,0.01,100,-10.0,10.0,nispec/psrb0656p14/fit/1020130133/ni1020130133_o1u20cut_clscr_gtisel_s5n50.pha,1020130133,2018-01-28T02:20:58,2018-01-28T14:56:52,2780.0,58146.09789351852,58146.622824074075,PSR_B0656+14,NICER,XTI,58146.1004187963,128571809.0,128617012.0,nispec/psrb0656p14/fit/1020130133/ni1020130133_o1u20cut_clscr_gtisel_s5n50_fit.xcm,PSR_B0656+14 NICER/XTI 1020130133 2018-01-28T02:20:58 (2780.0 s),448.49,5.9799,75,1.370171e-54,9.621,0.06272,1.1279e-11,6.900000000000061e-14,6.099999999999984e-14,0.0867612,,,24419.8,,
29,1020130134,nispec/psrb0656p14/pha/1020130134/ni1020130134_o1u20cut_clscr_gtisel.pha,nispec/psrb0656p14/pha/1020130134/ni1020130134_o1u20cut_BGMod_3C50.pha,/Users/enoto/work/niresp/nicer_v1.02.rmf,/Users/enoto/work/niresp/ni_xrcall_onaxis_v1.02_wo_detid14_34.arf,nispec/psrb0656p14/input/run_nixspec_multi_observations_bb.xcm,5,50,0.2,2.0,0.2,2.0,0.01,100,-10.0,10.0,nispec/psrb0656p14/fit/1020130134/ni1020130134_o1u20cut_clscr_gtisel_s5n50.pha,1020130134,2018-01-30T16:10:05,2018-01-30T21:00:05,746.0,58148.67366898148,58148.87505787037,PSR_B0656+14,NICER,XTI,58148.86701601851,128810843.0,128811589.0,nispec/psrb0656p14/fit/1020130134/ni1020130134_o1u20cut_clscr_gtisel_s5n50_fit.xcm,PSR_B0656+14 NICER/XTI 1020130134 2018-01-30T16:10:05 (746.0 s),329.43,4.8445,68,5.964918e-36,10.35,0.1196,1.1626e-11,1.3600000000000023e-13,1.3399999999999923e-13,0.086207,,,25930.6,,
30,1020130135,nispec/psrb0656p14/pha/1020130135/ni1020130135_o1u20cut_clscr_gtisel.pha,nispec/psrb0656p14/pha/1020130135/ni1020130135_o1u20cut_BGMod_3C50.pha,/Users/enoto/work/niresp/nicer_v1.02.rmf,/Users/enoto/work/niresp/ni_xrcall_onaxis_v1.02_wo_detid14_34.arf,nispec/psrb0656p14/input/run_nixspec_multi_observations_bb.xcm,5,50,0.2,2.0,0.2,2.0,0.01,100,-10.0,10.0,nispec/psrb0656p14/fit/1020130135/ni1020130135_o1u20cut_clscr_gtisel_s5n50.pha,1020130135,2018-01-30T23:52:00,2018-01-31T20:10:11,4558.0,58148.99444444444,58149.84040509259,PSR_B0656+14,NICER,XTI,58148.99702759259,128822076.0,128895011.0,nispec/psrb0656p14/fit/1020130135/ni1020130135_o1u20cut_clscr_gtisel_s5n50_fit.xcm,PSR_B0656+14 NICER/XTI 1020130135 2018-01-30T23:52:00 (4558.0 s),919.23,9.7791,94,1.46773e-135,10.06,0.04889,1.1507e-11,4.6999999999999295e-14,6.300000000000084e-14,0.0874066,,,24071.8,,
31,1020130136,nispec/psrb0656p14/pha/1020130136/ni1020130136_o1u20cut_clscr_gtisel.pha,nispec/psrb0656p14/pha/1020130136/ni1020130136_o1u20cut_BGMod_3C50.pha,/Users/enoto/work/niresp/nicer_v1.02.rmf,/Users/enoto/work/niresp/ni_xrcall_onaxis_v1.02_wo_detid14_34.arf,nispec/psrb0656p14/input/run_nixspec_multi_observations_bb.xcm,5,50,0.2,2.0,0.2,2.0,0.01,100,-10.0,10.0,nispec/psrb0656p14/fit/1020130136/ni1020130136_o1u20cut_clscr_gtisel_s5n50.pha,1020130136,2018-02-01T00:29:00,2018-02-01T16:10:45,1983.0,58150.02013888889,58150.67413194444,PSR_B0656+14,NICER,XTI,58150.02734009259,128911095.0,128967045.0,nispec/psrb0656p14/fit/1020130136/ni1020130136_o1u20cut_clscr_gtisel_s5n50_fit.xcm,PSR_B0656+14 NICER/XTI 1020130136 2018-02-01T00:29:00 (1983.0 s),416.71,5.2089,80,5.308671e-47,9.957,0.07345,1.1363e-11,9.29999999999997e-14,9.700000000000009e-14,0.0876694,,,23443.2,,
32,1020130137,nispec/psrb0656p14/pha/1020130137/ni1020130137_o1u20cut_clscr_gtisel.pha,nispec/psrb0656p14/pha/1020130137/ni1020130137_o1u20cut_BGMod_3C50.pha,/Users/enoto/work/niresp/nicer_v1.02.rmf,/Users/enoto/work/niresp/ni_xrcall_onaxis_v1.02_wo_detid14_34.arf,nispec/psrb0656p14/input/run_nixspec_multi_observations_bb.xcm,5,50,0.2,2.0,0.2,2.0,0.01,100,-10.0,10.0,nispec/psrb0656p14/fit/1020130137/ni1020130137_o1u20cut_clscr_gtisel_s5n50.pha,1020130137,2018-02-02T16:41:39,2018-02-02T19:56:02,735.0,58151.69559027778,58151.8305787037,PSR_B0656+14,NICER,XTI,58151.69852064815,129055485.0,129066962.0,nispec/psrb0656p14/fit/1020130137/ni1020130137_o1u20cut_clscr_gtisel_s5n50_fit.xcm,PSR_B0656+14 NICER/XTI 1020130137 2018-02-02T16:41:39 (735.0 s),181.58,3.0264,60,3.717315e-14,9.852,0.121,1.1343e-11,1.5299999999999905e-13,1.5700000000000105e-13,0.0866558,,,24695.7,,
33,1020130138,nispec/psrb0656p14/pha/1020130138/ni1020130138_o1u20cut_clscr_gtisel.pha,nispec/psrb0656p14/pha/1020130138/ni1020130138_o1u20cut_BGMod_3C50.pha,/Users/enoto/work/niresp/nicer_v1.02.rmf,/Users/enoto/work/niresp/ni_xrcall_onaxis_v1.02_wo_detid14_34.arf,nispec/psrb0656p14/input/run_nixspec_multi_observations_bb.xcm,5,50,0.2,2.0,0.2,2.0,0.01,100,-10.0,10.0,nispec/psrb0656p14/fit/1020130138/ni1020130138_o1u20cut_clscr_gtisel_s5n50.pha,1020130138,2018-03-16T20:42:11,2018-03-16T20:58:40,670.0,58193.86262731482,58193.874074074076,PSR_B0656+14,NICER,XTI,58193.86691185185,132698834.0,132699504.0,nispec/psrb0656p14/fit/1020130138/ni1020130138_o1u20cut_clscr_gtisel_s5n50_fit.xcm,PSR_B0656+14 NICER/XTI 1020130138 2018-03-16T20:42:11 (670.0 s),174.06,3.0537,57,8.862736e-14,9.823,0.1269,1.1265e-11,1.849999999999989e-13,1.4499999999999989e-13,0.0879876,,,22854.8,,
34,1020130139,nispec/psrb0656p14/pha/1020130139/ni1020130139_o1u20cut_clscr_gtisel.pha,nispec/psrb0656p14/pha/1020130139/ni1020130139_o1u20cut_BGMod_3C50.pha,/Users/enoto/work/niresp/nicer_v1.02.rmf,/Users/enoto/work/niresp/ni_xrcall_onaxis_v1.02_wo_detid14_34.arf,nispec/psrb0656p14/input/run_nixspec_multi_observations_bb.xcm,5,50,0.2,2.0,0.2,2.0,0.01,100,-10.0,10.0,nispec/psrb0656p14/fit/1020130139/ni1020130139_o1u20cut_clscr_gtisel_s5n50.pha,1020130139,2018-03-17T02:31:00,2018-03-17T21:41:00,11510.0,58194.10486111111,58194.90347222222,PSR_B0656+14,NICER,XTI,58194.110685,132719896.0,132788385.0,nispec/psrb0656p14/fit/1020130139/ni1020130139_o1u20cut_clscr_gtisel_s5n50_fit.xcm,PSR_B0656+14 NICER/XTI 1020130139 2018-03-17T02:31:00 (11510.0 s),1756.01,16.2594,108,1.224361e-295,9.941,0.03059,1.1433e-11,3.299999999999875e-14,3.700000000000075e-14,0.0879491,,,23242.8,,
35,1020130140,nispec/psrb0656p14/pha/1020130140/ni1020130140_o1u20cut_clscr_gtisel.pha,nispec/psrb0656p14/pha/1020130140/ni1020130140_o1u20cut_BGMod_3C50.pha,/Users/enoto/work/niresp/nicer_v1.02.rmf,/Users/enoto/work/niresp/ni_xrcall_onaxis_v1.02_wo_detid14_34.arf,nispec/psrb0656p14/input/run_nixspec_multi_observations_bb.xcm,5,50,0.2,2.0,0.2,2.0,0.01,100,-10.0,10.0,nispec/psrb0656p14/fit/1020130140/ni1020130140_o1u20cut_clscr_gtisel_s5n50.pha,1020130140,2018-03-18T00:24:40,2018-03-18T23:36:29,9046.0,58195.01712962963,58195.983668981484,PSR_B0656+14,NICER,XTI,58195.02096277778,132798544.0,132881425.0,nispec/psrb0656p14/fit/1020130140/ni1020130140_o1u20cut_clscr_gtisel_s5n50_fit.xcm,PSR_B0656+14 NICER/XTI 1020130140 2018-03-18T00:24:40 (9046.0 s),1468.84,15.1427,97,8.988716e-244,9.798,0.03454,1.1396e-11,4.600000000000041e-14,4.399999999999941e-14,0.0872231,,,24072.1,,
36,1020130141,nispec/psrb0656p14/pha/1020130141/ni1020130141_o1u20cut_clscr_gtisel.pha,nispec/psrb0656p14/pha/1020130141/ni1020130141_o1u20cut_BGMod_3C50.pha,/Users/enoto/work/niresp/nicer_v1.02.rmf,/Users/enoto/work/niresp/ni_xrcall_onaxis_v1.02_wo_detid14_34.arf,nispec/psrb0656p14/input/run_nixspec_multi_observations_bb.xcm,5,50,0.2,2.0,0.2,2.0,0.01,100,-10.0,10.0,nispec/psrb0656p14/fit/1020130141/ni1020130141_o1u20cut_clscr_gtisel_s5n50.pha,1020130141,2018-03-19T00:56:53,2018-03-19T22:46:00,3422.0,58196.039502314816,58196.94861111111,PSR_B0656+14,NICER,XTI,58196.04221277778,132886780.0,132964643.0,nispec/psrb0656p14/fit/1020130141/ni1020130141_o1u20cut_clscr_gtisel_s5n50_fit.xcm,PSR_B0656+14 NICER/XTI 1020130141 2018-03-19T00:56:53 (3422.0 s),899.64,11.837,76,5.08289e-141,9.539,0.05636,1.1152e-11,7.199999999999889e-14,6.800000000000011e-14,0.0881919,,,22385.4,,
37,1020130142,nispec/psrb0656p14/pha/1020130142/ni1020130142_o1u20cut_clscr_gtisel.pha,nispec/psrb0656p14/pha/1020130142/ni1020130142_o1u20cut_BGMod_3C50.pha,/Users/enoto/work/niresp/nicer_v1.02.rmf,/Users/enoto/work/niresp/ni_xrcall_onaxis_v1.02_wo_detid14_34.arf,nispec/psrb0656p14/input/run_nixspec_multi_observations_bb.xcm,5,50,0.2,2.0,0.2,2.0,0.01,100,-10.0,10.0,nispec/psrb0656p14/fit/1020130142/ni1020130142_o1u20cut_clscr_gtisel_s5n50.pha,1020130142,2018-03-20T00:14:00,2018-03-20T21:53:19,3105.0,58197.009722222225,58197.91202546296,PSR_B0656+14,NICER,XTI,58197.01283777778,132970642.0,133038579.0,nispec/psrb0656p14/fit/1020130142/ni1020130142_o1u20cut_clscr_gtisel_s5n50_fit.xcm,PSR_B0656+14 NICER/XTI 1020130142 2018-03-20T00:14:00 (3105.0 s),440.86,5.1865,85,1.862409e-49,9.9,0.05866,1.1439e-11,6.8999999999999e-14,7.1e-14,0.0873927,,,23946.7,,
38,1020130143,nispec/psrb0656p14/pha/1020130143/ni1020130143_o1u20cut_clscr_gtisel.pha,nispec/psrb0656p14/pha/1020130143/ni1020130143_o1u20cut_BGMod_3C50.pha,/Users/enoto/work/niresp/nicer_v1.02.rmf,/Users/enoto/work/niresp/ni_xrcall_onaxis_v1.02_wo_detid14_34.arf,nispec/psrb0656p14/input/run_nixspec_multi_observations_bb.xcm,5,50,0.2,2.0,0.2,2.0,0.01,100,-10.0,10.0,nispec/psrb0656p14/fit/1020130143/ni1020130143_o1u20cut_clscr_gtisel_s5n50.pha,1020130143,2018-03-23T20:42:00,2018-03-23T21:00:00,196.0,58200.8625,58200.875,PSR_B0656+14,NICER,XTI,58200.87350907407,133304204.0,133304400.0,nispec/psrb0656p14/fit/1020130143/ni1020130143_o1u20cut_clscr_gtisel_s5n50_fit.xcm,PSR_B0656+14 NICER/XTI 1020130143 2018-03-23T20:42:00 (196.0 s),131.35,3.8633,34,2.258285e-13,9.023,0.2365,1.0377e-11,3.270000000000005e-13,2.329999999999987e-13,0.0870272,,,22150.6,,
39,1020130144,nispec/psrb0656p14/pha/1020130144/ni1020130144_o1u20cut_clscr_gtisel.pha,nispec/psrb0656p14/pha/1020130144/ni1020130144_o1u20cut_BGMod_3C50.pha,/Users/enoto/work/niresp/nicer_v1.02.rmf,/Users/enoto/work/niresp/ni_xrcall_onaxis_v1.02_wo_detid14_34.arf,nispec/psrb0656p14/input/run_nixspec_multi_observations_bb.xcm,5,50,0.2,2.0,0.2,2.0,0.01,100,-10.0,10.0,nispec/psrb0656p14/fit/1020130144/ni1020130144_o1u20cut_clscr_gtisel_s5n50.pha,1020130144,2018-03-24T01:43:20,2018-03-24T04:56:45,1058.0,58201.07175925926,58201.20607638889,PSR_B0656+14,NICER,XTI,58201.07398361111,133321525.0,133333005.0,nispec/psrb0656p14/fit/1020130144/ni1020130144_o1u20cut_clscr_gtisel_s5n50_fit.xcm,PSR_B0656+14 NICER/XTI 1020130144 2018-03-24T01:43:20 (1058.0 s),225.17,3.4117,66,2.982389e-19,9.585,0.1001,1.1057e-11,1.2700000000000057e-13,1.1300000000000002e-13,0.0874921,,,23027.2,,
40,1020130146,nispec/psrb0656p14/pha/1020130146/ni1020130146_o1u20cut_clscr_gtisel.pha,nispec/psrb0656p14/pha/1020130146/ni1020130146_o1u20cut_BGMod_3C50.pha,/Users/enoto/work/niresp/nicer_v1.02.rmf,/Users/enoto/work/niresp/ni_xrcall_onaxis_v1.02_wo_detid14_34.arf,nispec/psrb0656p14/input/run_nixspec_multi_observations_bb.xcm,5,50,0.2,2.0,0.2,2.0,0.01,100,-10.0,10.0,nispec/psrb0656p14/fit/1020130146/ni1020130146_o1u20cut_clscr_gtisel_s5n50.pha,1020130146,2018-05-05T01:49:32,2018-05-05T20:59:00,62.0,58243.07606481481,58243.87430555555,PSR_B0656+14,NICER,XTI,58243.16696972222,136958359.0,136958421.0,nispec/psrb0656p14/fit/1020130146/ni1020130146_o1u20cut_clscr_gtisel_s5n50_fit.xcm,PSR_B0656+14 NICER/XTI 1020130146 2018-05-05T01:49:32 (62.0 s),43.52,2.901,15,0.0001305925,8.747,0.4339,1.0888e-11,6.979999999999988e-13,3.319999999999998e-13,0.0853624,,,25418.4,,
